graph_conn,ASW_label,NMI_cluster/label,ARI_cluster/label,method,reference_time,query_time,data
0.9937770717214895,0.6058667600154877,0.8040915410892969,0.6650978846107962,seurat,0,0,10xpbmc10k-2020
0.9928671644580327,0.65590800344944,0.8125177810388433,0.774574722796181,multigrate,0,0,10xpbmc10k-2020
0.9801920680951389,0.6189679354429245,0.7700921363561736,0.7076617001926745,mofa,0,0,10xpbmc10k-2020
