ASW_label/batch,graph_conn,ASW_label,NMI_cluster/label,ARI_cluster/label,isolated_label_silhouette,method,reference_time,query_time,data
0.9077031353529103,0.9025714291034403,0.6059110015630722,0.8160973819001388,0.729669850090941,0.5967216604058782,multigrate,0,0,Hao-2020
0.8840899199044929,0.9116014834270576,0.5929108187556267,0.7749552155560859,0.6512060528080145,0.5626018409196648,seurat,0,0,Hao-2020
0.9446184413859612,0.9565647796474376,0.5459650866687298,0.8082804512837031,0.7067602344897471,0.5534679291604627,totalVI,0,0,Hao-2020
0.8403000604889075,0.9083562117219232,0.5821851491928101,0.8040041726295226,0.6564287409092855,0.5927012619269532,mofa,0,0,Hao-2020
