ASW_label/batch,graph_conn,ASW_label,NMI_cluster/label,ARI_cluster/label,isolated_label_silhouette,method,reference_time,query_time,data
0.9715179563945704,0.9924346449081812,0.556030698120594,0.8888597077025716,0.8821822256787164,0.5421636251267046,totalVI,0,0,Kotliarov-2020
0.957940431959045,0.9935628049288313,0.6916498392820358,0.9198712738403848,0.913472361828739,0.5570535355114511,multigrate,0,0,Kotliarov-2020
0.9451202351988199,0.9911042304809852,0.6949179321527481,0.9090416620051808,0.9134482798877755,0.5861680203649614,mofa,0,0,Kotliarov-2020
0.945788123633036,0.9126319829694604,0.5895081087946892,0.7517722262427238,0.6862273336180401,0.565185336304629,seurat,0,0,Kotliarov-2020
